uber_pickup_zips,uber_rides_per_zip,uber_zip_proportion,green_taxi_pickup_zips_SHARED,green_taxi_rides_per_zip,green_taxi_zip_proportion,yellow_taxi_pickup_zips_SHARED,yellow_taxi_rides_per_zip,yellow_taxi_zip_proportion,taxi_COMBINED_rides_per_zip,taxi_COMBINED_zip_proportion,greater_zip_proportion_taxi_or_uber
06901,1,0.00005617030837,#N/A,0,0,#N/A,0,0,0,0,uber
06926,1,0.00005617030837,#N/A,0,0,#N/A,0,0,0,0,uber
07002,1,0.00005617030837,#N/A,0,0,#N/A,0,0,0,0,uber
07012,1,0.00005617030837,#N/A,0,0,#N/A,0,0,0,0,uber
07020,1,0.00005617030837,07020,2,0.00004356634065,#N/A,0,0,2,0.00002117186259,uber
07021,1,0.00005617030837,#N/A,0,0,#N/A,0,0,0,0,uber
07022,1,0.00005617030837,#N/A,0,0,#N/A,0,0,0,0,uber
07024,1,0.00005617030837,#N/A,0,0,#N/A,0,0,0,0,uber
07026,1,0.00005617030837,#N/A,0,0,#N/A,0,0,0,0,uber
07027,1,0.00005617030837,#N/A,0,0,#N/A,0,0,0,0,uber
07030,95,0.005336179296,#N/A,0,0,07030,4,0.00008237571564,4,0.00004234372519,uber
07032,1,0.00005617030837,#N/A,0,0,#N/A,0,0,0,0,uber
07033,1,0.00005617030837,#N/A,0,0,#N/A,0,0,0,0,uber
07039,1,0.00005617030837,#N/A,0,0,#N/A,0,0,0,0,uber
07042,1,0.00005617030837,#N/A,0,0,#N/A,0,0,0,0,uber
07043,1,0.00005617030837,#N/A,0,0,#N/A,0,0,0,0,uber
07047,6,0.0003370218502,#N/A,0,0,#N/A,0,0,0,0,uber
07052,2,0.0001123406167,#N/A,0,0,#N/A,0,0,0,0,uber
07055,1,0.00005617030837,#N/A,0,0,#N/A,0,0,0,0,uber
07060,1,0.00005617030837,#N/A,0,0,#N/A,0,0,0,0,uber
07072,2,0.0001123406167,#N/A,0,0,07072,1,0.00002059392891,1,0.0000105859313,uber
07073,2,0.0001123406167,#N/A,0,0,#N/A,0,0,0,0,uber
07078,1,0.00005617030837,#N/A,0,0,#N/A,0,0,0,0,uber
07080,1,0.00005617030837,#N/A,0,0,#N/A,0,0,0,0,uber
07083,2,0.0001123406167,#N/A,0,0,#N/A,0,0,0,0,uber
07086,3,0.0001685109251,#N/A,0,0,#N/A,0,0,0,0,uber
07087,8,0.000449362467,#N/A,0,0,07087,2,0.00004118785782,2,0.00002117186259,uber
07090,2,0.0001123406167,#N/A,0,0,#N/A,0,0,0,0,uber
07093,1,0.00005617030837,#N/A,0,0,07093,1,0.00002059392891,1,0.0000105859313,uber
07094,5,0.0002808515419,07094,2,0.00004356634065,07094,2,0.00004118785782,4,0.00004234372519,uber
07096,1,0.00005617030837,#N/A,0,0,#N/A,0,0,0,0,uber
07102,1,0.00005617030837,#N/A,0,0,#N/A,0,0,0,0,uber
07105,1,0.00005617030837,#N/A,0,0,#N/A,0,0,0,0,uber
07106,1,0.00005617030837,#N/A,0,0,#N/A,0,0,0,0,uber
07107,1,0.00005617030837,#N/A,0,0,#N/A,0,0,0,0,uber
07110,2,0.0001123406167,#N/A,0,0,#N/A,0,0,0,0,uber
07112,1,0.00005617030837,#N/A,0,0,#N/A,0,0,0,0,uber
07114,80,0.00449362467,07114,2,0.00004356634065,07114,4,0.00008237571564,6,0.00006351558778,uber
07201,5,0.0002808515419,#N/A,0,0,#N/A,0,0,0,0,uber
07202,1,0.00005617030837,#N/A,0,0,#N/A,0,0,0,0,uber
07205,1,0.00005617030837,#N/A,0,0,#N/A,0,0,0,0,uber
07206,2,0.0001123406167,#N/A,0,0,#N/A,0,0,0,0,uber
07208,1,0.00005617030837,#N/A,0,0,#N/A,0,0,0,0,uber
07302,34,0.001909790485,#N/A,0,0,#N/A,0,0,0,0,uber
07304,7,0.0003931921586,#N/A,0,0,#N/A,0,0,0,0,uber
07305,5,0.0002808515419,#N/A,0,0,#N/A,0,0,0,0,uber
07306,7,0.0003931921586,07306,1,0.00002178317032,07306,4,0.00008237571564,5,0.00005292965649,uber
07307,3,0.0001685109251,07307,1,0.00002178317032,07307,1,0.00002059392891,2,0.00002117186259,uber
07310,9,0.0005055327754,07310,2,0.00004356634065,07310,3,0.00006178178673,5,0.00005292965649,uber
07311,9,0.0005055327754,#N/A,0,0,#N/A,0,0,0,0,uber
07424,1,0.00005617030837,#N/A,0,0,#N/A,0,0,0,0,uber
07450,1,0.00005617030837,#N/A,0,0,#N/A,0,0,0,0,uber
07470,2,0.0001123406167,#N/A,0,0,#N/A,0,0,0,0,uber
07481,1,0.00005617030837,#N/A,0,0,#N/A,0,0,0,0,uber
07504,1,0.00005617030837,#N/A,0,0,#N/A,0,0,0,0,uber
07601,1,0.00005617030837,07601,1,0.00002178317032,#N/A,0,0,1,0.0000105859313,uber
07604,1,0.00005617030837,#N/A,0,0,#N/A,0,0,0,0,uber
07607,1,0.00005617030837,#N/A,0,0,#N/A,0,0,0,0,uber
07631,4,0.0002246812335,#N/A,0,0,#N/A,0,0,0,0,uber
07632,1,0.00005617030837,07632,2,0.00004356634065,#N/A,0,0,2,0.00002117186259,uber
07656,1,0.00005617030837,#N/A,0,0,#N/A,0,0,0,0,uber
07670,1,0.00005617030837,#N/A,0,0,#N/A,0,0,0,0,uber
07701,1,0.00005617030837,#N/A,0,0,#N/A,0,0,0,0,uber
07735,1,0.00005617030837,#N/A,0,0,#N/A,0,0,0,0,uber
07834,1,0.00005617030837,#N/A,0,0,#N/A,0,0,0,0,uber
07940,1,0.00005617030837,#N/A,0,0,#N/A,0,0,0,0,uber
07960,1,0.00005617030837,#N/A,0,0,#N/A,0,0,0,0,uber
08540,1,0.00005617030837,#N/A,0,0,#N/A,0,0,0,0,uber
10000,11,0.0006178733921,#N/A,0,0,10000,27,0.0005560360806,27,0.000285820145,uber
10001,705,0.0396000674,#N/A,0,0,10001,2366,0.0487252358,2366,0.02504631345,uber
10002,507,0.02847834635,10002,12,0.0002613980439,10002,1154,0.02376539396,1166,0.01234319589,uber
10003,938,0.05268774926,#N/A,0,0,10003,2622,0.0539972816,2622,0.02775631186,uber
10004,65,0.003651070044,#N/A,0,0,10004,165,0.00339799827,165,0.001746678664,uber
10005,150,0.008425546256,#N/A,0,0,10005,258,0.005313233659,258,0.002731170275,uber
10006,48,0.002696174802,#N/A,0,0,10006,113,0.002327113967,113,0.001196210237,uber
10007,139,0.007807672864,10007,1,0.00002178317032,10007,192,0.003954034351,193,0.00204308474,uber
10009,460,0.02583834185,10009,1,0.00002178317032,10009,1078,0.02220025536,1079,0.01142221987,uber
10010,430,0.0241532326,10010,2,0.00004356634065,10010,1275,0.02625725936,1277,0.01351823427,uber
10011,922,0.05178902432,#N/A,0,0,10011,2172,0.04473001359,2172,0.02299264278,uber
10012,811,0.04555412009,#N/A,0,0,10012,1479,0.03045842086,1479,0.01565659239,uber
10013,842,0.04729539965,#N/A,0,0,10013,1135,0.02337410931,1135,0.01201503202,uber
10014,1259,0.07071841824,10014,5,0.0001089158516,10014,2510,0.05169076156,2515,0.02662361721,uber
10016,559,0.03139920238,#N/A,0,0,10016,2429,0.05002265332,2429,0.02571322712,uber
10017,323,0.01814300961,10017,3,0.00006534951097,10017,1389,0.02860496726,1392,0.01473561637,uber
10018,416,0.02336684828,10018,1,0.00002178317032,10018,1265,0.02605132007,1266,0.01340178902,uber
10019,1012,0.05684435208,10019,1,0.00002178317032,10019,3960,0.08155195848,3961,0.04193087387,uber
10020,6,0.0003370218502,#N/A,0,0,10020,41,0.0008443510853,41,0.0004340231832,taxi
10021,410,0.02302982643,10021,1,0.00002178317032,10021,1695,0.0349067095,1696,0.01795373948,uber
10022,575,0.03229792732,#N/A,0,0,10022,2020,0.0415997364,2020,0.02138358122,uber
10023,382,0.0214570578,10023,3,0.00006534951097,10023,1787,0.03680135096,1790,0.01894881702,uber
10024,223,0.01252597877,10024,3,0.00006534951097,10024,1192,0.02454796326,1195,0.0126501879,taxi
10025,144,0.008088524406,10025,608,0.01324416756,10025,1108,0.02281807323,1716,0.01816545811,taxi
10026,37,0.00207830141,10026,1071,0.02332977542,10026,98,0.002018205033,1169,0.01237495369,taxi
10027,63,0.003538729428,10027,2155,0.04694273205,10027,166,0.003418592199,2321,0.02456994654,taxi
10028,213,0.01196427568,10028,1,0.00002178317032,10028,1247,0.02568062935,1248,0.01321124226,taxi
10029,53,0.002977026344,10029,2058,0.04482976452,10029,252,0.005189670085,2310,0.0244535013,taxi
10030,10,0.0005617030837,10030,529,0.0115232971,10030,17,0.0003500967915,546,0.005779918488,taxi
10031,24,0.001348087401,10031,1132,0.02465854881,10031,68,0.001400387166,1200,0.01270311756,taxi
10032,17,0.0009548952424,10032,547,0.01191539417,10032,18,0.0003706907204,565,0.005981051183,taxi
10033,12,0.0006740437005,10033,471,0.01025987322,10033,11,0.000226533218,482,0.005102418885,taxi
10034,9,0.0005055327754,10034,281,0.006121070861,10034,17,0.0003500967915,298,0.003154607527,taxi
10035,183,0.01027916643,10035,1658,0.03611649639,10035,1119,0.02304460645,2777,0.02939713121,taxi
10036,492,0.02763579172,10036,1,0.00002178317032,10036,1933,0.03980806458,1934,0.02047319113,uber
10037,218,0.01224512723,10037,1063,0.02315551005,10037,1130,0.02327113967,2193,0.02321494733,taxi
10038,198,0.01112172106,10038,5,0.0001089158516,10038,262,0.005395609374,267,0.002826443656,uber
10039,13,0.0007302140089,10039,422,0.009192497876,10039,12,0.0002471271469,434,0.004594294183,taxi
10040,19,0.001067235859,10040,390,0.008495436426,10040,87,0.001791671815,477,0.005049489229,taxi
10041,6,0.0003370218502,#N/A,0,0,10041,24,0.0004942542938,24,0.0002540623511,uber
10044,5,0.0002808515419,10044,19,0.0004138802361,10044,17,0.0003500967915,36,0.0003810935267,taxi
10045,6,0.0003370218502,#N/A,0,0,10045,4,0.00008237571564,4,0.00004234372519,uber
10048,2,0.0001123406167,#N/A,0,0,10048,6,0.0001235635735,6,0.00006351558778,uber
10055,2,0.0001123406167,#N/A,0,0,10055,5,0.0001029696445,5,0.00005292965649,uber
10062,8,0.000449362467,#N/A,0,0,10062,17,0.0003500967915,17,0.0001799608321,uber
10065,293,0.01645790035,#N/A,0,0,10065,1214,0.0250010297,1214,0.01285132059,uber
10069,59,0.003314048194,10069,1,0.00002178317032,10069,106,0.002182956464,107,0.001132694649,uber
10075,128,0.007189799472,#N/A,0,0,10075,624,0.01285061164,624,0.00660562113,uber
10105,13,0.0007302140089,#N/A,0,0,10105,39,0.0008031632275,39,0.0004128513206,uber
10106,6,0.0003370218502,#N/A,0,0,10106,36,0.0007413814408,36,0.0003810935267,taxi
10107,8,0.000449362467,#N/A,0,0,10107,40,0.0008237571564,40,0.0004234372519,uber
10110,7,0.0003931921586,#N/A,0,0,10110,18,0.0003706907204,18,0.0001905467634,uber
10111,91,0.005111498062,#N/A,0,0,10111,237,0.004880761152,237,0.002508865717,uber
10115,4,0.0002246812335,10115,447,0.009737077134,10115,66,0.001359199308,513,0.005430582756,taxi
10119,104,0.005841712071,#N/A,0,0,10119,714,0.01470406524,714,0.007558354946,taxi
10121,6,0.0003370218502,#N/A,0,0,10121,21,0.0004324725071,21,0.0002223045572,uber
10123,1,0.00005617030837,#N/A,0,0,10123,3,0.00006178178673,3,0.00003175779389,uber
10128,204,0.01145874291,10128,190,0.004138802361,10128,1084,0.02232381894,1274,0.01348647647,taxi
10129,5,0.0002808515419,10129,380,0.008277604723,10129,31,0.0006384117962,411,0.004350817763,taxi
10152,6,0.0003370218502,#N/A,0,0,10152,23,0.0004736603649,23,0.0002434764198,uber
10153,26,0.001460428018,#N/A,0,0,10153,156,0.00321265291,156,0.001651405282,taxi
10154,4,0.0002246812335,#N/A,0,0,10154,22,0.000453066436,22,0.0002328904885,taxi
10155,19,0.001067235859,#N/A,0,0,10155,122,0.002512459327,122,0.001291483618,taxi
10158,12,0.0006740437005,#N/A,0,0,10158,36,0.0007413814408,36,0.0003810935267,uber
10162,5,0.0002808515419,#N/A,0,0,10162,17,0.0003500967915,17,0.0001799608321,uber
10165,2,0.0001123406167,#N/A,0,0,#N/A,0,0,0,0,uber
10169,1,0.00005617030837,#N/A,0,0,10169,5,0.0001029696445,5,0.00005292965649,uber
10178,6,0.0003370218502,#N/A,0,0,10178,35,0.0007207875118,35,0.0003705075954,taxi
10199,20,0.001123406167,#N/A,0,0,10199,55,0.00113266609,55,0.0005822262214,uber
10271,1,0.00005617030837,#N/A,0,0,10271,2,0.00004118785782,2,0.00002117186259,uber
10275,16,0.000898724934,#N/A,0,0,10275,42,0.0008649450142,42,0.0004446091145,uber
10278,12,0.0006740437005,#N/A,0,0,10278,23,0.0004736603649,23,0.0002434764198,uber
10279,34,0.001909790485,10279,2,0.00004356634065,10279,125,0.002574241114,127,0.001344413275,uber
10280,70,0.003931921586,#N/A,0,0,10280,152,0.003130277194,152,0.001609061557,uber
10281,12,0.0006740437005,#N/A,0,0,10281,50,0.001029696445,50,0.0005292965649,uber
10282,116,0.006515755771,#N/A,0,0,10282,177,0.003645125417,177,0.00187370984,uber
10285,12,0.0006740437005,#N/A,0,0,10285,37,0.0007619753697,37,0.000391679458,uber
10301,1,0.00005617030837,10301,12,0.0002613980439,#N/A,0,0,12,0.0001270311756,taxi
10302,1,0.00005617030837,10302,1,0.00002178317032,#N/A,0,0,1,0.0000105859313,uber
10303,1,0.00005617030837,#N/A,0,0,#N/A,0,0,0,0,uber
10304,2,0.0001123406167,#N/A,0,0,#N/A,0,0,0,0,uber
10306,1,0.00005617030837,#N/A,0,0,#N/A,0,0,0,0,uber
10308,1,0.00005617030837,#N/A,0,0,#N/A,0,0,0,0,uber
10314,1,0.00005617030837,#N/A,0,0,#N/A,0,0,0,0,uber
10451,3,0.0001685109251,10451,489,0.01065197029,10451,10,0.0002059392891,499,0.005282379717,taxi
10452,3,0.0001685109251,10452,419,0.009127148365,10452,2,0.00004118785782,421,0.004456677076,taxi
10453,3,0.0001685109251,10453,249,0.00542400941,#N/A,0,0,249,0.002635896893,taxi
10454,6,0.0003370218502,10454,151,0.003289258719,10454,11,0.000226533218,162,0.00171492087,taxi
10455,2,0.0001123406167,10455,187,0.00407345285,#N/A,0,0,187,0.001979569153,taxi
10456,1,0.00005617030837,10456,251,0.005467575751,10456,2,0.00004118785782,253,0.002678240618,taxi
10457,1,0.00005617030837,10457,264,0.005750756965,#N/A,0,0,264,0.002794685862,taxi
10458,13,0.0007302140089,10458,370,0.008059773019,#N/A,0,0,370,0.00391679458,taxi
10459,2,0.0001123406167,10459,122,0.002657546779,10459,1,0.00002059392891,123,0.00130206955,taxi
10461,3,0.0001685109251,10461,188,0.004095236021,#N/A,0,0,188,0.001990155084,taxi
10462,5,0.0002808515419,10462,241,0.005249744048,10462,2,0.00004118785782,243,0.002572381305,taxi
10463,14,0.0007863843172,10463,215,0.004683381619,10463,1,0.00002059392891,216,0.00228656116,taxi
10466,1,0.00005617030837,10466,17,0.0003703138955,#N/A,0,0,17,0.0001799608321,taxi
10467,1,0.00005617030837,10467,201,0.004378417235,10467,1,0.00002059392891,202,0.002138358122,taxi
10468,5,0.0002808515419,10468,333,0.007253795717,10468,1,0.00002059392891,334,0.003535701053,taxi
10469,6,0.0003370218502,10469,42,0.0009148931535,#N/A,0,0,42,0.0004446091145,taxi
10470,1,0.00005617030837,10470,48,0.001045592175,#N/A,0,0,48,0.0005081247023,taxi
10471,3,0.0001685109251,10471,11,0.0002396148735,10471,1,0.00002059392891,12,0.0001270311756,uber
10472,4,0.0002246812335,10472,172,0.003746705295,#N/A,0,0,172,0.001820780183,taxi
10473,3,0.0001685109251,10473,42,0.0009148931535,#N/A,0,0,42,0.0004446091145,taxi
10474,1,0.00005617030837,10474,26,0.0005663624284,#N/A,0,0,26,0.0002752342137,taxi
10522,1,0.00005617030837,#N/A,0,0,#N/A,0,0,0,0,uber
10523,2,0.0001123406167,#N/A,0,0,#N/A,0,0,0,0,uber
10533,1,0.00005617030837,#N/A,0,0,#N/A,0,0,0,0,uber
10543,1,0.00005617030837,#N/A,0,0,#N/A,0,0,0,0,uber
10552,2,0.0001123406167,#N/A,0,0,#N/A,0,0,0,0,uber
10573,3,0.0001685109251,#N/A,0,0,#N/A,0,0,0,0,uber
10580,2,0.0001123406167,#N/A,0,0,10580,1,0.00002059392891,1,0.0000105859313,uber
10583,2,0.0001123406167,#N/A,0,0,#N/A,0,0,0,0,uber
10595,1,0.00005617030837,#N/A,0,0,#N/A,0,0,0,0,uber
10601,1,0.00005617030837,#N/A,0,0,#N/A,0,0,0,0,uber
10604,1,0.00005617030837,#N/A,0,0,#N/A,0,0,0,0,uber
10605,1,0.00005617030837,#N/A,0,0,#N/A,0,0,0,0,uber
10701,1,0.00005617030837,10701,2,0.00004356634065,#N/A,0,0,2,0.00002117186259,uber
10704,1,0.00005617030837,10704,1,0.00002178317032,#N/A,0,0,1,0.0000105859313,uber
10705,2,0.0001123406167,10705,3,0.00006534951097,10705,1,0.00002059392891,4,0.00004234372519,uber
10707,1,0.00005617030837,#N/A,0,0,#N/A,0,0,0,0,uber
10708,1,0.00005617030837,#N/A,0,0,#N/A,0,0,0,0,uber
10710,1,0.00005617030837,#N/A,0,0,#N/A,0,0,0,0,uber
10950,1,0.00005617030837,#N/A,0,0,#N/A,0,0,0,0,uber
11001,1,0.00005617030837,11001,1,0.00002178317032,#N/A,0,0,1,0.0000105859313,uber
11003,1,0.00005617030837,#N/A,0,0,#N/A,0,0,0,0,uber
11021,1,0.00005617030837,11021,3,0.00006534951097,#N/A,0,0,3,0.00003175779389,uber
11030,3,0.0001685109251,#N/A,0,0,#N/A,0,0,0,0,uber
11040,1,0.00005617030837,#N/A,0,0,#N/A,0,0,0,0,uber
11042,2,0.0001123406167,#N/A,0,0,#N/A,0,0,0,0,uber
11101,100,0.005617030837,11101,1405,0.0306053543,11101,147,0.00302730755,1552,0.01642936537,taxi
11102,22,0.001235746784,11102,612,0.01333130024,11102,46,0.0009473207298,658,0.006965542794,taxi
11103,25,0.001404257709,11103,1020,0.02221883373,11103,35,0.0007207875118,1055,0.01116815752,taxi
11104,15,0.0008425546256,11104,354,0.007711242294,11104,64,0.00131801145,418,0.004424919282,taxi
11105,19,0.001067235859,11105,395,0.008604352277,11105,27,0.0005560360806,422,0.004467263007,taxi
11106,22,0.001235746784,11106,608,0.01324416756,11106,67,0.001379793237,675,0.007145503626,taxi
11109,13,0.0007302140089,11109,158,0.003441740911,11109,28,0.0005766300095,186,0.001968983221,taxi
11201,325,0.01825535022,11201,2588,0.05637484479,11201,225,0.004633634005,2813,0.02977822474,taxi
11203,16,0.000898724934,11203,41,0.0008931099832,#N/A,0,0,41,0.0004340231832,uber
11205,100,0.005617030837,11205,671,0.01461650729,11205,50,0.001029696445,721,0.007632456465,taxi
11206,133,0.007470651014,11206,478,0.01041235541,11206,49,0.001009102517,527,0.005578785794,uber
11207,34,0.001909790485,11207,287,0.006251769883,11207,9,0.0001853453602,296,0.003133435664,taxi
11208,7,0.0003931921586,11208,158,0.003441740911,11208,11,0.000226533218,169,0.001789022389,taxi
11209,26,0.001460428018,11209,141,0.003071427015,11209,14,0.0002883150047,155,0.001640819351,taxi
11210,8,0.000449362467,11210,45,0.0009802426645,11210,3,0.00006178178673,48,0.0005081247023,taxi
11211,226,0.01269448969,11211,2071,0.04511294574,11211,200,0.004118785782,2271,0.02404064998,taxi
11212,8,0.000449362467,11212,51,0.001110941686,11212,2,0.00004118785782,53,0.0005610543588,taxi
11213,35,0.001965960793,11213,151,0.003289258719,11213,6,0.0001235635735,157,0.001661991214,uber
11214,4,0.0002246812335,11214,4,0.00008713268129,#N/A,0,0,4,0.00004234372519,uber
11215,130,0.007302140089,11215,768,0.01672947481,11215,55,0.00113266609,823,0.008712221458,taxi
11216,63,0.003538729428,11216,405,0.008822183981,11216,15,0.0003089089336,420,0.004446091145,taxi
11217,136,0.007639161939,11217,1178,0.02566057464,11217,90,0.001853453602,1268,0.01342296088,taxi
11218,25,0.001404257709,11218,38,0.0008277604723,11218,5,0.0001029696445,43,0.0004551950458,uber
11219,5,0.0002808515419,11219,6,0.0001306990219,#N/A,0,0,6,0.00006351558778,uber
11220,9,0.0005055327754,11220,20,0.0004356634065,11220,2,0.00004118785782,22,0.0002328904885,uber
11221,66,0.003707240353,11221,323,0.007035964014,11221,26,0.0005354421517,349,0.003694490023,uber
11222,131,0.007358310397,11222,1091,0.02376543882,11222,60,0.001235635735,1151,0.01218440692,taxi
11223,11,0.0006178733921,11223,14,0.0003049643845,#N/A,0,0,14,0.0001482030382,uber
11224,2,0.0001123406167,11224,41,0.0008931099832,11224,1,0.00002059392891,42,0.0004446091145,taxi
11225,26,0.001460428018,11225,198,0.004313067724,11225,13,0.0002677210758,211,0.002233631504,taxi
11226,30,0.001685109251,11226,118,0.002570414098,11226,5,0.0001029696445,123,0.00130206955,uber
11227,6,0.0003370218502,11227,163,0.003550656763,11227,10,0.0002059392891,173,0.001831366114,taxi
11228,7,0.0003931921586,11228,3,0.00006534951097,#N/A,0,0,3,0.00003175779389,uber
11229,4,0.0002246812335,11229,11,0.0002396148735,11229,2,0.00004118785782,13,0.0001376171069,uber
11230,6,0.0003370218502,11230,27,0.0005881455987,11230,2,0.00004118785782,29,0.0003069920076,uber
11231,133,0.007470651014,11231,827,0.01801468186,11231,65,0.001338605379,892,0.009442650717,taxi
11232,19,0.001067235859,11232,53,0.001154508027,11232,5,0.0001029696445,58,0.0006139840152,uber
11233,22,0.001235746784,11233,114,0.002483281417,11233,5,0.0001029696445,119,0.001259725824,taxi
11234,15,0.0008425546256,11234,18,0.0003920970658,11234,1,0.00002059392891,19,0.0002011326946,uber
11235,4,0.0002246812335,11235,194,0.004225935043,11235,4,0.00008237571564,198,0.002096014397,taxi
11236,8,0.000449362467,11236,21,0.0004574465768,#N/A,0,0,21,0.0002223045572,uber
11237,50,0.002808515419,11237,178,0.003877404317,11237,11,0.000226533218,189,0.002000741015,uber
11238,145,0.008144694714,11238,635,0.01383231315,11238,37,0.0007619753697,672,0.007113745832,uber
11239,2,0.0001123406167,11239,11,0.0002396148735,#N/A,0,0,11,0.0001164452443,taxi
11249,201,0.01129023198,11249,2107,0.04589713987,11249,117,0.002409489682,2224,0.02354311121,taxi
11251,1,0.00005617030837,11251,10,0.0002178317032,11251,1,0.00002059392891,11,0.0001164452443,taxi
11252,1,0.00005617030837,11252,1,0.00002178317032,#N/A,0,0,1,0.0000105859313,uber
11354,15,0.0008425546256,11354,617,0.01344021609,11354,8,0.0001647514313,625,0.006616207061,taxi
11355,4,0.0002246812335,11355,32,0.0006970614503,11355,1,0.00002059392891,33,0.0003493357328,taxi
11356,5,0.0002808515419,11356,2,0.00004356634065,#N/A,0,0,2,0.00002117186259,uber
11357,1,0.00005617030837,11357,1,0.00002178317032,#N/A,0,0,1,0.0000105859313,uber
11358,1,0.00005617030837,11358,1,0.00002178317032,#N/A,0,0,1,0.0000105859313,uber
11360,3,0.0001685109251,11360,2,0.00004356634065,#N/A,0,0,2,0.00002117186259,uber
11361,2,0.0001123406167,11361,13,0.0002831812142,#N/A,0,0,13,0.0001376171069,taxi
11362,1,0.00005617030837,#N/A,0,0,#N/A,0,0,0,0,uber
11364,1,0.00005617030837,11364,3,0.00006534951097,#N/A,0,0,3,0.00003175779389,uber
11365,1,0.00005617030837,11365,12,0.0002613980439,11365,1,0.00002059392891,13,0.0001376171069,taxi
11367,7,0.0003931921586,11367,18,0.0003920970658,#N/A,0,0,18,0.0001905467634,uber
11368,18,0.001011065551,11368,431,0.009388546409,11368,9,0.0001853453602,440,0.004657809771,taxi
11369,94,0.005280008987,11369,115,0.002505064587,11369,326,0.006713620825,441,0.004668395702,uber
11370,11,0.0006178733921,11370,197,0.004291284554,11370,17,0.0003500967915,214,0.002265389298,taxi
11371,97,0.005448519912,11371,13,0.0002831812142,11371,492,0.01013221302,505,0.005345895305,uber
11372,4,0.0002246812335,11372,1592,0.03467880715,11372,11,0.000226533218,1603,0.01696924787,taxi
11373,8,0.000449362467,11373,1623,0.03535408543,11373,21,0.0004324725071,1644,0.01740327105,taxi
11374,8,0.000449362467,11374,342,0.00744984425,11374,3,0.00006178178673,345,0.003652146298,taxi
11375,14,0.0007863843172,11375,1006,0.02191386934,11375,9,0.0001853453602,1015,0.01074472027,taxi
11377,9,0.0005055327754,11377,1011,0.0220227852,11377,40,0.0008237571564,1051,0.01112581379,taxi
11378,5,0.0002808515419,11378,57,0.001241640708,11378,3,0.00006178178673,60,0.0006351558778,taxi
11379,4,0.0002246812335,11379,18,0.0003920970658,11379,1,0.00002059392891,19,0.0002011326946,uber
11385,18,0.001011065551,11385,29,0.0006317119394,11385,3,0.00006178178673,32,0.0003387498015,uber
11412,4,0.0002246812335,11412,1,0.00002178317032,#N/A,0,0,1,0.0000105859313,uber
11413,1,0.00005617030837,#N/A,0,0,#N/A,0,0,0,0,uber
11414,2,0.0001123406167,#N/A,0,0,#N/A,0,0,0,0,uber
11415,1,0.00005617030837,11415,281,0.006121070861,11415,7,0.0001441575024,288,0.003048748214,taxi
11416,3,0.0001685109251,11416,4,0.00008713268129,#N/A,0,0,4,0.00004234372519,uber
11417,3,0.0001685109251,11417,8,0.0001742653626,11417,1,0.00002059392891,9,0.00009527338168,uber
11418,2,0.0001123406167,11418,49,0.001067375346,11418,3,0.00006178178673,52,0.0005504684275,taxi
11419,3,0.0001685109251,11419,9,0.0001960485329,11419,2,0.00004118785782,11,0.0001164452443,uber
11420,5,0.0002808515419,11420,52,0.001132724857,11420,2,0.00004118785782,54,0.0005716402901,taxi
11421,2,0.0001123406167,11421,8,0.0001742653626,#N/A,0,0,8,0.00008468745038,uber
11422,4,0.0002246812335,#N/A,0,0,11422,3,0.00006178178673,3,0.00003175779389,uber
11423,1,0.00005617030837,11423,3,0.00006534951097,#N/A,0,0,3,0.00003175779389,uber
11428,1,0.00005617030837,11428,1,0.00002178317032,11428,1,0.00002059392891,2,0.00002117186259,uber
11430,301,0.01690726282,11430,13,0.0002831812142,11430,736,0.01515713168,749,0.007928862542,uber
11432,8,0.000449362467,11432,75,0.001633737774,11432,2,0.00004118785782,77,0.0008151167099,taxi
11433,1,0.00005617030837,11433,60,0.001306990219,#N/A,0,0,60,0.0006351558778,taxi
11434,2,0.0001123406167,11434,84,0.001829786307,#N/A,0,0,84,0.000889218229,taxi
11435,8,0.000449362467,11435,359,0.007820158146,11435,8,0.0001647514313,367,0.003885036786,taxi
11436,5,0.0002808515419,11436,4,0.00008713268129,11436,11,0.000226533218,15,0.0001587889695,uber
11501,1,0.00005617030837,#N/A,0,0,#N/A,0,0,0,0,uber
11510,1,0.00005617030837,#N/A,0,0,#N/A,0,0,0,0,uber
11514,1,0.00005617030837,#N/A,0,0,#N/A,0,0,0,0,uber
11530,1,0.00005617030837,#N/A,0,0,#N/A,0,0,0,0,uber
11549,3,0.0001685109251,#N/A,0,0,#N/A,0,0,0,0,uber
11550,2,0.0001123406167,#N/A,0,0,#N/A,0,0,0,0,uber
11563,1,0.00005617030837,#N/A,0,0,#N/A,0,0,0,0,uber
11568,2,0.0001123406167,#N/A,0,0,#N/A,0,0,0,0,uber
11570,2,0.0001123406167,#N/A,0,0,#N/A,0,0,0,0,uber
11576,1,0.00005617030837,#N/A,0,0,#N/A,0,0,0,0,uber
11581,2,0.0001123406167,#N/A,0,0,#N/A,0,0,0,0,uber
11596,1,0.00005617030837,#N/A,0,0,#N/A,0,0,0,0,uber
11694,1,0.00005617030837,#N/A,0,0,#N/A,0,0,0,0,uber
11710,1,0.00005617030837,#N/A,0,0,#N/A,0,0,0,0,uber
11747,1,0.00005617030837,#N/A,0,0,#N/A,0,0,0,0,uber
11753,1,0.00005617030837,#N/A,0,0,#N/A,0,0,0,0,uber
11769,1,0.00005617030837,#N/A,0,0,#N/A,0,0,0,0,uber
11803,1,0.00005617030837,#N/A,0,0,#N/A,0,0,0,0,uber